-- MySQL Script generated by MySQL Workbench
-- Sun Oct  4 00:10:52 2020
-- Model: New Model    Version: 1.0
-- MySQL Workbench Forward Engineering

SET @OLD_UNIQUE_CHECKS=@@UNIQUE_CHECKS, UNIQUE_CHECKS=0;
SET @OLD_FOREIGN_KEY_CHECKS=@@FOREIGN_KEY_CHECKS, FOREIGN_KEY_CHECKS=0;
SET @OLD_SQL_MODE=@@SQL_MODE, SQL_MODE='ONLY_FULL_GROUP_BY,STRICT_TRANS_TABLES,NO_ZERO_IN_DATE,NO_ZERO_DATE,ERROR_FOR_DIVISION_BY_ZERO,NO_ENGINE_SUBSTITUTION';

-- -----------------------------------------------------
-- Schema mydb
-- -----------------------------------------------------
-- -----------------------------------------------------
-- Schema university
-- -----------------------------------------------------

-- -----------------------------------------------------
-- Schema university
-- -----------------------------------------------------
CREATE SCHEMA IF NOT EXISTS `university` DEFAULT CHARACTER SET ascii ;
USE `university` ;

-- -----------------------------------------------------
-- Table `university`.`faculties`
-- -----------------------------------------------------
CREATE TABLE IF NOT EXISTS `university`.`faculties` (
  `id` INT NOT NULL AUTO_INCREMENT,
  `budget_places_qty` INT NOT NULL,
  `total_places_qty` INT NOT NULL,
  PRIMARY KEY (`id`))
ENGINE = InnoDB
AUTO_INCREMENT = 1
DEFAULT CHARACTER SET = utf8;


INSERT INTO `university`.`faculties`
(`budget_places_qty`,
`total_places_qty`)
VALUES
(5, 10),
(3, 6),
(2, 5),
(2, 4);

-- -----------------------------------------------------
-- Table `university`.`languages`
-- -----------------------------------------------------
CREATE TABLE IF NOT EXISTS `university`.`languages` (
  `id` INT NOT NULL AUTO_INCREMENT,
  `name` VARCHAR(20) CHARACTER SET 'utf8' NOT NULL,
  `lang_code` VARCHAR(5) CHARACTER SET 'utf8' NOT NULL,
  PRIMARY KEY (`id`))
ENGINE = InnoDB;

INSERT INTO `university`.`languages` (`name`, `lang_code`) VALUES ('English', 'en'), ('Українська', 'uk'), ('Русский', 'ru');

-- -----------------------------------------------------
-- Table `university`.`faculties_languages`
-- -----------------------------------------------------
CREATE TABLE IF NOT EXISTS `university`.`faculties_languages` (
  `faculties_id` INT NOT NULL,
  `languages_id` INT NOT NULL,
  `name` VARCHAR(250) CHARACTER SET 'utf8' NOT NULL,
  PRIMARY KEY (`faculties_id`, `languages_id`),
  INDEX `fk_faculties_languages_faculties1_idx` (`faculties_id` ASC) VISIBLE,
  INDEX `fk_faculties_languages_languages1_idx` (`languages_id` ASC) VISIBLE,
  CONSTRAINT `fk_faculties_languages_faculties1`
    FOREIGN KEY (`faculties_id`)
    REFERENCES `university`.`faculties` (`id`)
    ON DELETE CASCADE
    ON UPDATE CASCADE,
  CONSTRAINT `fk_faculties_languages_languages1`
    FOREIGN KEY (`languages_id`)
    REFERENCES `university`.`languages` (`id`)
    ON DELETE CASCADE
    ON UPDATE CASCADE)
ENGINE = InnoDB;

INSERT INTO `university`.`faculties_languages`
(`faculties_id`, `languages_id`, `name`)
VALUES
(1, 1, 'Cybersecurity, Computer and Software Engineering'),
(1, 2, 'Кібербезпека, комп’ютерна та програмна інженерія'),
(1, 3, 'Кибербезопасность, компьютерная и программная инженерия'),
(2, 1, 'Air Navigation'),
(2, 2, 'Аеронавігація'),
(2, 3, 'Аэронавигация'),
(3, 1, 'International Relations'),
(3, 2, 'Міжнародні звязки'),
(3, 3, 'Международные связи'),
(4, 1, 'Faculty of Econimics'),
(4, 2, 'Факультет Економіки'),
(4, 3, 'Факультет Экономики');


-- -----------------------------------------------------
-- Table `university`.`subjects`
-- -----------------------------------------------------
CREATE TABLE IF NOT EXISTS `university`.`subjects` (
  `id` INT NOT NULL AUTO_INCREMENT,
  `duration` INT NOT NULL,
  PRIMARY KEY (`id`))
ENGINE = InnoDB
AUTO_INCREMENT = 1
DEFAULT CHARACTER SET = utf8;

INSERT INTO `university`.`subjects` (`duration`) VALUES
(50), (100), (30), (40), (60);


-- -----------------------------------------------------
-- Table `university`.`faculties_subjects`
-- -----------------------------------------------------
CREATE TABLE IF NOT EXISTS `university`.`faculties_subjects` (
  `subjects_id` INT NOT NULL,
  `faculties_id` INT NOT NULL,
  INDEX `fk_subjects_has_faculties_faculties1_idx` (`faculties_id` ASC) VISIBLE,
  INDEX `fk_subjects_has_faculties_subjects1_idx` (`subjects_id` ASC) VISIBLE,
  CONSTRAINT `fk_subjects_has_faculties_faculties1`
    FOREIGN KEY (`faculties_id`)
    REFERENCES `university`.`faculties` (`id`)
    ON DELETE CASCADE
    ON UPDATE CASCADE,
  CONSTRAINT `fk_subjects_has_faculties_subjects1`
    FOREIGN KEY (`subjects_id`)
    REFERENCES `university`.`subjects` (`id`)
    ON DELETE CASCADE
    ON UPDATE CASCADE)
ENGINE = InnoDB
DEFAULT CHARACTER SET = utf8;

INSERT INTO `university`.`faculties_subjects` (`subjects_id`, `faculties_id`) 
VALUES (1, 1), (2, 1), (3, 1), (1, 2), (2, 2), (5, 2), (2, 3), (3, 3), (4, 3),
		(1, 4), (2, 4), (3, 4), (4, 4);

-- -----------------------------------------------------
-- Table `university`.`subjects_languages`
-- -----------------------------------------------------
CREATE TABLE IF NOT EXISTS `university`.`subjects_languages` (
  `subjects_id` INT NOT NULL,
  `languages_id` INT NOT NULL,
  `name` VARCHAR(100) CHARACTER SET 'utf8' NOT NULL,
  PRIMARY KEY (`subjects_id`, `languages_id`),
  INDEX `fk_subjects_languages_subjects1_idx` (`subjects_id` ASC) VISIBLE,
  INDEX `fk_subjects_languages_languages1_idx` (`languages_id` ASC) VISIBLE,
  CONSTRAINT `fk_subjects_languages_subjects1`
    FOREIGN KEY (`subjects_id`)
    REFERENCES `university`.`subjects` (`id`)
    ON DELETE CASCADE
    ON UPDATE CASCADE,
  CONSTRAINT `fk_subjects_languages_languages1`
    FOREIGN KEY (`languages_id`)
    REFERENCES `university`.`languages` (`id`)
    ON DELETE CASCADE
    ON UPDATE CASCADE)
ENGINE = InnoDB;

INSERT INTO `university`.`subjects_languages` (`subjects_id`, `languages_id`, `name`) VALUES
(1, 1, 'Maths'), (1, 2, 'Математика'), (1, 3, 'Матемитика'), 
(2, 1, 'English'), (2, 2, 'Англійська мова'), (2, 3, 'Английский язык'), 
(3, 1, 'Ukrainian language'), (3, 2, 'Українська мова'), (3, 3, 'Украинский язык'), 
(4, 1, 'History'), (4, 2, 'Історія'), (4, 3, 'История'), 
(5, 1, 'Physics'), (5, 2, 'Фізика'), (5, 3, 'Физика');


-- -----------------------------------------------------
-- Table `university`.`user_roles`
-- -----------------------------------------------------
CREATE TABLE IF NOT EXISTS `university`.`user_roles` (
  `id` INT NOT NULL AUTO_INCREMENT,
  `name` VARCHAR(45) CHARACTER SET 'utf8' NOT NULL,
  PRIMARY KEY (`id`))
ENGINE = InnoDB
AUTO_INCREMENT = 1
DEFAULT CHARACTER SET = utf8;

INSERT INTO `university`.`user_roles` (`name`) VALUES ('ADMIN'), ('USER');

-- -----------------------------------------------------
-- Table `university`.`user_logins`
-- -----------------------------------------------------
CREATE TABLE IF NOT EXISTS `university`.`user_logins` (
  `id` INT NOT NULL AUTO_INCREMENT,
  `email` VARCHAR(45) CHARACTER SET 'utf8' NOT NULL,
  `password` VARCHAR(200) CHARACTER SET 'utf8' NOT NULL,
  `user_roles_id` INT NOT NULL,
  PRIMARY KEY (`id`),
  UNIQUE INDEX `email_UNIQUE` (`email` ASC) VISIBLE,
  INDEX `fk_user_logins_user_roles_idx` (`user_roles_id` ASC) VISIBLE,
  CONSTRAINT `fk_user_logins_user_roles`
    FOREIGN KEY (`user_roles_id`)
    REFERENCES `university`.`user_roles` (`id`)
    ON DELETE CASCADE
    ON UPDATE CASCADE)
ENGINE = InnoDB
DEFAULT CHARACTER SET = utf8;

INSERT INTO `university`.`user_logins` (`email`, `password`, `user_roles_id`) VALUES
('admin@gmail.com', '96cae35ce8a9b0244178bf28e4966c2ce1b8385723a96a6b838858cdd6ca0a1e', 1),
('petrov@gmail.com', '8d969eef6ecad3c29a3a629280e686cf0c3f5d5a86aff3ca12020c923adc6c92', 2),
('ivanov@gmail.com', '456789', 2),
('smirnov@gmail.com', '456789', 2),
('sidorov@gmail.com', '676789', 2),
('grishina@gmail.com', '876789', 2),
('prokopchuk@gmail.com', '009589', 2),
('oleinik@gmail.com', '346659', 2),
('pomidorov@gmail.com', '009555', 2),
('ostapchuk@gmail.com', '346633', 2);


-- -----------------------------------------------------
-- Table `university`.`states`
-- -----------------------------------------------------
CREATE TABLE IF NOT EXISTS `university`.`states` (
  `id` INT NOT NULL AUTO_INCREMENT,
  `name` VARCHAR(45) CHARACTER SET 'utf8' NOT NULL,
  PRIMARY KEY (`id`))
ENGINE = InnoDB
DEFAULT CHARACTER SET = utf8;

INSERT INTO `university`.`states`(`name`) VALUES
('Cherkasy'), ('Chernihiv'), ('Chernivtsi'), ('Dnipropetrovsk'), ('Donetsk'), ('Ivano-Frankivsk'), 
('Kharkiv'), ('Kherson'), ('Khmelnytskyi'), ('Kiev'), ('Kirovohrad'), ('Luhansk'), ('Lviv'), ('Mykolaiv'), 
('Odessa'), ('Poltava'), ('Rivne'), ('Sumy'), ('Ternopil'), ('Vinnytsia'), ('Volyn'), 
('Zakarpattia'), ('Zaporizhia'), ('Zhytomyr');


-- -----------------------------------------------------
-- Table `university`.`enrollees`
-- -----------------------------------------------------
CREATE TABLE IF NOT EXISTS `university`.`enrollees` (
  `user_logins_id` INT NOT NULL,
  `first_name` VARCHAR(50) CHARACTER SET 'utf8' NOT NULL,
  `father_name` VARCHAR(50) CHARACTER SET 'utf8' NOT NULL,
  `second_name` VARCHAR(50) CHARACTER SET 'utf8' NOT NULL,
  `city` VARCHAR(50) CHARACTER SET 'utf8' NOT NULL,
  `states_id` INT NOT NULL,
  `school_name` VARCHAR(150) CHARACTER SET 'utf8' NOT NULL,
  `is_blocked` INT NOT NULL,
  `appl_date` DATE NOT NULL,
  INDEX `fk_enrollees_states1_idx` (`states_id` ASC) VISIBLE,
  INDEX `fk_enrollees_user_logins1_idx` (`user_logins_id` ASC) VISIBLE,
  PRIMARY KEY (`user_logins_id`),
  CONSTRAINT `fk_enrollees_states1`
    FOREIGN KEY (`states_id`)
    REFERENCES `university`.`states` (`id`)
    ON DELETE CASCADE
    ON UPDATE CASCADE,
  CONSTRAINT `fk_enrollees_user_logins`
    FOREIGN KEY (`user_logins_id`)
    REFERENCES `university`.`user_logins` (`id`)
    ON DELETE CASCADE
    ON UPDATE CASCADE)
ENGINE = InnoDB
DEFAULT CHARACTER SET = utf8;

INSERT INTO `university`.`enrollees`
(`user_logins_id`, `first_name`, `father_name`, `second_name`, `city`,
`states_id`, `school_name`, `is_blocked`, `appl_date`)
VALUES
(1, 'Admin','Petrovich','Adminov','Kyiv', 10,'Gimnazium No1', 0, '2015-07-20'),
(2, 'Petr','Semenovich','Petrov','Kyiv', 10,'Gimnazium No34', 1, '2020-07-25'),
(3, 'Ivan','Pavlovich','Ivanov','Dnipro', 4,'Gimnazium No1', 0, '2020-07-20'),
(4, 'Roman','Ivanovich','Smirnov','Odessa', 15,'Gimnazium No15', 0, '2020-07-21'),
(5, 'Nikolay','Petrovich','Sidorov','Kyiv', 10,'Gimnazium No24', 1, '2020-07-24'),
(6, 'Olga','Ivanovna','Grishina','Dnipro', 4,'Gimnazium No15', 0, '2020-07-27'),
(7, 'Stepan','Lukovich','Prokopchuk','Odessa', 15,'Gimnazium No3', 0, '2020-07-21'),
(8, 'Semen','Petrovich','Oleinik','Poltava', 16,'Gimnazium No2', 1, '2020-07-21'),
(9, 'Igor','Petrovich','Pomidorov','Kyiv', 10,'Gimnazium No41', 1, '2020-07-25'),
(10, 'Sergey','Grygorievich','Ostapchuk','Ternopil', 19,'Gimnazium No28', 1, '2020-07-28');


-- -----------------------------------------------------
-- Table `university`.`certificates`
-- -----------------------------------------------------
CREATE TABLE IF NOT EXISTS `university`.`certificates` (
  `enrollees_user_logins_id` INT NOT NULL,
  `school_certificate` MEDIUMBLOB NOT NULL,
  PRIMARY KEY (`enrollees_user_logins_id`),
  INDEX `fk_certificates_enrollees1_idx` (`enrollees_user_logins_id` ASC) VISIBLE,
  CONSTRAINT `fk_certificates_enrollees1`
    FOREIGN KEY (`enrollees_user_logins_id`)
    REFERENCES `university`.`enrollees` (`user_logins_id`)
    ON DELETE CASCADE
    ON UPDATE CASCADE)
ENGINE = InnoDB;

INSERT INTO `university`.`certificates`
(`enrollees_user_logins_id`, `school_certificate`)
VALUES (1, 0), (2, 1), (3, 0), (4, 2), (5, 0), (6, 4), (7, 0), (8, 5), (9, 1), (10, 2);


-- -----------------------------------------------------
-- Table `university`.`applications`
-- -----------------------------------------------------
CREATE TABLE IF NOT EXISTS `university`.`applications` (
  `id` INT NOT NULL AUTO_INCREMENT,
  `user_logins_id` INT NOT NULL,
  `faculties_id` INT NOT NULL,
  `priority` INT NOT NULL,
  `is_approved` INT NOT NULL,
  PRIMARY KEY (`id`),
  INDEX `fk_statement_user_logins1_idx` (`user_logins_id` ASC) VISIBLE,
  INDEX `fk_applications_faculties1_idx` (`faculties_id` ASC) VISIBLE,
  CONSTRAINT `fk_applications_faculties1`
    FOREIGN KEY (`faculties_id`)
    REFERENCES `university`.`faculties` (`id`)
    ON DELETE CASCADE
    ON UPDATE CASCADE,
  CONSTRAINT `fk_statement_user_logins1`
    FOREIGN KEY (`user_logins_id`)
    REFERENCES `university`.`user_logins` (`id`)
    ON DELETE CASCADE
    ON UPDATE CASCADE)
ENGINE = InnoDB
DEFAULT CHARACTER SET = utf8;


INSERT INTO `university`.`applications`
(`user_logins_id`, `faculties_id`, `priority`, `is_approved`)
VALUES
(2, 1, 1, 0),
(2, 2, 2, 0),
(2, 3, 3, 0),
(3, 2, 1, 0),
(3, 3, 2, 0),
(3, 4, 3, 0),
(4, 1, 1, 0),
(4, 2, 2, 0),
(4, 3, 3, 0),
(5, 1, 1, 0),
(5, 2, 2, 0),
(5, 3, 3, 0),
(6, 1, 1, 0),
(6, 2, 2, 0),
(6, 3, 3, 0),
(7, 1, 1, 0),
(7, 2, 2, 0),
(7, 3, 3, 0),
(8, 3, 1, 0),
(8, 2, 2, 0),
(8, 1, 3, 0),
(9, 4, 1, 0),
(9, 2, 2, 0),
(9, 1, 3, 0),
(10, 4, 1, 0),
(10, 2, 2, 0),
(10, 3, 3, 0);


-- -----------------------------------------------------
-- Table `university`.`grades`
-- -----------------------------------------------------
CREATE TABLE IF NOT EXISTS `university`.`grades` (
  `id` INT NOT NULL AUTO_INCREMENT,
  `subjects_id` INT NOT NULL,
  `grade` INT NOT NULL,
  PRIMARY KEY (`id`),
  INDEX `fk_grades_subjects1_idx` (`subjects_id` ASC) VISIBLE,
  CONSTRAINT `fk_grades_subjects1`
    FOREIGN KEY (`subjects_id`)
    REFERENCES `university`.`subjects` (`id`)
    ON DELETE CASCADE
    ON UPDATE CASCADE)
ENGINE = InnoDB
DEFAULT CHARACTER SET = utf8;


INSERT INTO `university`.`grades` (`subjects_id`, `grade`)
VALUES (1, 190), (2, 195),(3, 194),(1, 150),(2, 170),(5, 120),(2, 120),(3, 150), (4, 155),
(1, 170), (2, 165),(5, 154),(2, 158),(3, 171),(4, 134);

-- -----------------------------------------------------
-- Table `university`.`applications_grades`
-- -----------------------------------------------------
CREATE TABLE IF NOT EXISTS `university`.`applications_grades` (
  `applications_id` INT NOT NULL,
  `grades_id` INT NOT NULL,
  PRIMARY KEY (`applications_id`, `grades_id`),
  INDEX `fk_applications_has_grades_grades1_idx` (`grades_id` ASC) VISIBLE,
  INDEX `fk_applications_has_grades_applications1_idx` (`applications_id` ASC) VISIBLE,
  CONSTRAINT `fk_applications_has_grades_applications1`
    FOREIGN KEY (`applications_id`)
    REFERENCES `university`.`applications` (`id`)
    ON DELETE CASCADE
    ON UPDATE CASCADE,
  CONSTRAINT `fk_applications_has_grades_grades1`
    FOREIGN KEY (`grades_id`)
    REFERENCES `university`.`grades` (`id`)
    ON DELETE CASCADE
    ON UPDATE CASCADE)
ENGINE = InnoDB
DEFAULT CHARACTER SET = utf8;

INSERT INTO `university`.`applications_grades` (`applications_id`, `grades_id`)
VALUES (1, 1), (1, 2), (1, 3), (2, 4), (2, 5), (2, 6), (3, 7), (3, 8), (3, 9),
(4, 10), (4, 11), (4, 12), (5, 13), (5, 14), (5, 15), 
(6, 1), (6, 2), (6, 8), (6, 9),
(7, 4), (7, 5), (7, 14), (8, 1), (8, 7), (8, 12),
(9, 11), (9, 8), (9, 15), (10, 1), (10, 7), (10, 14),
(11, 1), (11, 2), (11, 12), (12, 11), (12, 8), (12, 15),
(13, 10), (13, 2), (13, 8), (14, 1), (14, 5), (14, 6),
(15, 11), (15, 14), (15, 9), (16, 10), (16, 2), (16, 14),
(17, 1), (17, 5), (17, 12), (18, 11), (18, 8), (18, 15),
(19, 13), (19, 14), (19, 9), (20, 10), (20, 7), (20, 12),
(21, 4), (21, 5), (21, 14), (22, 1), (22, 2), (22, 8), (22, 9),
(23, 10), (23, 5), (23, 12), (24, 4), (24, 7), (24, 8), 
(25, 1), (25, 2), (25, 14),(22, 15), (26, 4), (26, 7), (26, 12), 
(27, 5), (27, 8), (27, 9);


SET SQL_MODE=@OLD_SQL_MODE;
SET FOREIGN_KEY_CHECKS=@OLD_FOREIGN_KEY_CHECKS;
SET UNIQUE_CHECKS=@OLD_UNIQUE_CHECKS;




